<?xml version="1.0" encoding="UTF-8"?>
<site>
   <feature url="features/org.eclipse.xtext.todo.feature_0.3.0.201312082118.jar" id="org.eclipse.xtext.todo.feature" version="0.3.0.201312082118">
      <category name="Xtext_TODOs"/>
   </feature>
   <feature url="features/org.eclipse.xtext.todo.example.feature_0.3.0.201312082118.jar" id="org.eclipse.xtext.todo.example.feature" version="0.3.0.201312082118">
      <category name="Xtext_TODOs"/>
   </feature>
   <category-def name="Xtext_TODOs" label="Xtext TODO Fragment"/>
   <category-def name="Xtext_TODOs_Example" label="Xtext TODO Fragment Example usage"/>
</site>
