<?xml version='1.0' encoding='UTF-8'?>
<?metadataRepository version='1.1.0'?>
<repository name='org.eclipse.xtext.todo.updatesite' type='org.eclipse.equinox.internal.p2.metadata.repository.LocalMetadataRepository' version='1'>
  <properties size='2'>
    <property name='p2.timestamp' value='1392558786483'/>
    <property name='p2.compressed' value='true'/>
  </properties>
  <units size='4'>
    <unit id='org.eclipse.xtext.todo.feature.feature.group' version='0.3.0.201402161349' singleton='false'>
      <update id='org.eclipse.xtext.todo.feature.feature.group' range='[0.0.0,0.3.0.201402161349)' severity='0'/>
      <properties size='8'>
        <property name='org.eclipse.equinox.p2.name' value='Xtext TODO Feature'/>
        <property name='org.eclipse.equinox.p2.description' value='[Enter Feature Description here.]'/>
        <property name='org.eclipse.equinox.p2.description.url' value='http://www.example.com/description'/>
        <property name='org.eclipse.equinox.p2.provider' value='Joerg Reichert'/>
        <property name='org.eclipse.equinox.p2.type.group' value='true'/>
        <property name='maven-groupId' value='org.eclipse.xtext.todo'/>
        <property name='maven-artifactId' value='org.eclipse.xtext.todo.feature'/>
        <property name='maven-version' value='0.3.0-SNAPSHOT'/>
      </properties>
      <provides size='1'>
        <provided namespace='org.eclipse.equinox.p2.iu' name='org.eclipse.xtext.todo.feature.feature.group' version='0.3.0.201402161349'/>
      </provides>
      <requires size='2'>
        <required namespace='org.eclipse.equinox.p2.iu' name='org.eclipse.xtext.todo.fragment' range='[0.3.0.201402161349,0.3.0.201402161349]'/>
        <required namespace='org.eclipse.equinox.p2.iu' name='org.eclipse.xtext.todo.feature.feature.jar' range='[0.3.0.201402161349,0.3.0.201402161349]'>
          <filter>
            (org.eclipse.update.install.features=true)
          </filter>
        </required>
      </requires>
      <touchpoint id='null' version='0.0.0'/>
      <licenses size='1'>
        <license uri='http://www.example.com/license' url='http://www.example.com/license'>
          [Enter License Description here.]
        </license>
      </licenses>
      <copyright uri='http://www.example.com/copyright' url='http://www.example.com/copyright'>
        [Enter Copyright Description here.]
      </copyright>
    </unit>
    <unit id='org.eclipse.xtext.todo.fragment' version='0.3.0.201402161349'>
      <update id='org.eclipse.xtext.todo.fragment' range='[0.0.0,0.3.0.201402161349)' severity='0'/>
      <properties size='4'>
        <property name='org.eclipse.equinox.p2.name' value='TODO Generator Fragment'/>
        <property name='maven-groupId' value='org.eclipse.xtext.todo'/>
        <property name='maven-artifactId' value='org.eclipse.xtext.todo.fragment'/>
        <property name='maven-version' value='0.3.0-SNAPSHOT'/>
      </properties>
      <provides size='5'>
        <provided namespace='org.eclipse.equinox.p2.iu' name='org.eclipse.xtext.todo.fragment' version='0.3.0.201402161349'/>
        <provided namespace='osgi.bundle' name='org.eclipse.xtext.todo.fragment' version='0.3.0.201402161349'/>
        <provided namespace='java.package' name='org.eclipse.xtext.todo' version='0.0.0'/>
        <provided namespace='java.package' name='org.eclipse.xtext.todo.ui' version='0.0.0'/>
        <provided namespace='org.eclipse.equinox.p2.eclipse.type' name='bundle' version='1.0.0'/>
      </provides>
      <requires size='10'>
        <required namespace='osgi.bundle' name='org.eclipse.ui' range='0.0.0'/>
        <required namespace='osgi.bundle' name='org.eclipse.core.runtime' range='0.0.0'/>
        <required namespace='osgi.bundle' name='org.eclipse.xtext.generator' range='0.0.0'/>
        <required namespace='osgi.bundle' name='org.eclipse.xtext' range='0.0.0'/>
        <required namespace='osgi.bundle' name='org.eclipse.core.resources' range='0.0.0'/>
        <required namespace='osgi.bundle' name='org.apache.commons.lang' range='0.0.0'/>
        <required namespace='osgi.bundle' name='org.eclipse.xtext.ui' range='0.0.0'/>
        <required namespace='osgi.bundle' name='org.eclipse.ui.ide' range='0.0.0'/>
        <required namespace='osgi.bundle' name='org.eclipse.ui.forms' range='0.0.0'/>
        <required namespace='osgi.bundle' name='org.eclipse.xtext.builder' range='0.0.0'/>
      </requires>
      <artifacts size='1'>
        <artifact classifier='osgi.bundle' id='org.eclipse.xtext.todo.fragment' version='0.3.0.201402161349'/>
      </artifacts>
      <touchpoint id='org.eclipse.equinox.p2.osgi' version='1.0.0'/>
      <touchpointData size='1'>
        <instructions size='1'>
          <instruction key='manifest'>
            Bundle-SymbolicName: org.eclipse.xtext.todo.fragment;singleton:=true&#xA;Bundle-Version: 0.3.0.201402161349
          </instruction>
        </instructions>
      </touchpointData>
    </unit>
    <unit id='201402161349.todo' version='1.0.0.05-cLWfc67735A375E59AK'>
      <properties size='3'>
        <property name='org.eclipse.equinox.p2.name' value='TODO Marker Generator Fragment'/>
        <property name='org.eclipse.equinox.p2.description' value='Generator fragment to enable support for TODO markers when generating DSL IDE infrastructure'/>
        <property name='org.eclipse.equinox.p2.type.category' value='true'/>
      </properties>
      <provides size='1'>
        <provided namespace='org.eclipse.equinox.p2.iu' name='201402161349.todo' version='1.0.0.05-cLWfc67735A375E59AK'/>
      </provides>
      <requires size='1'>
        <required namespace='org.eclipse.equinox.p2.iu' name='org.eclipse.xtext.todo.feature.feature.group' range='[0.3.0.201402161349,0.3.0.201402161349]'/>
      </requires>
      <touchpoint id='null' version='0.0.0'/>
    </unit>
    <unit id='org.eclipse.xtext.todo.feature.feature.jar' version='0.3.0.201402161349'>
      <properties size='7'>
        <property name='org.eclipse.equinox.p2.name' value='Xtext TODO Feature'/>
        <property name='org.eclipse.equinox.p2.description' value='[Enter Feature Description here.]'/>
        <property name='org.eclipse.equinox.p2.description.url' value='http://www.example.com/description'/>
        <property name='org.eclipse.equinox.p2.provider' value='Joerg Reichert'/>
        <property name='maven-groupId' value='org.eclipse.xtext.todo'/>
        <property name='maven-artifactId' value='org.eclipse.xtext.todo.feature'/>
        <property name='maven-version' value='0.3.0-SNAPSHOT'/>
      </properties>
      <provides size='3'>
        <provided namespace='org.eclipse.equinox.p2.iu' name='org.eclipse.xtext.todo.feature.feature.jar' version='0.3.0.201402161349'/>
        <provided namespace='org.eclipse.equinox.p2.eclipse.type' name='feature' version='1.0.0'/>
        <provided namespace='org.eclipse.update.feature' name='org.eclipse.xtext.todo.feature' version='0.3.0.201402161349'/>
      </provides>
      <filter>
        (org.eclipse.update.install.features=true)
      </filter>
      <artifacts size='1'>
        <artifact classifier='org.eclipse.update.feature' id='org.eclipse.xtext.todo.feature' version='0.3.0.201402161349'/>
      </artifacts>
      <touchpoint id='org.eclipse.equinox.p2.osgi' version='1.0.0'/>
      <touchpointData size='1'>
        <instructions size='1'>
          <instruction key='zipped'>
            true
          </instruction>
        </instructions>
      </touchpointData>
      <licenses size='1'>
        <license uri='http://www.example.com/license' url='http://www.example.com/license'>
          [Enter License Description here.]
        </license>
      </licenses>
      <copyright uri='http://www.example.com/copyright' url='http://www.example.com/copyright'>
        [Enter Copyright Description here.]
      </copyright>
    </unit>
  </units>
</repository>
