<?xml version='1.0' encoding='UTF-8'?>
<?artifactRepository version='1.1.0'?>
<repository name='org.eclipse.xtext.todo.updatesite' type='org.eclipse.equinox.p2.artifact.repository.simpleRepository' version='1'>
  <properties size='3'>
    <property name='p2.timestamp' value='1388323395565'/>
    <property name='p2.compressed' value='true'/>
    <property name='publishPackFilesAsSiblings' value='true'/>
  </properties>
  <mappings size='5'>
    <rule filter='(&amp; (classifier=osgi.bundle) (format=packed))' output='${repoUrl}/plugins/${id}_${version}.jar.pack.gz'/>
    <rule filter='(&amp; (classifier=osgi.bundle))' output='${repoUrl}/plugins/${id}_${version}.jar'/>
    <rule filter='(&amp; (classifier=binary))' output='${repoUrl}/binary/${id}_${version}'/>
    <rule filter='(&amp; (classifier=org.eclipse.update.feature) (format=packed))' output='${repoUrl}/features/${id}_${version}.jar.pack.gz'/>
    <rule filter='(&amp; (classifier=org.eclipse.update.feature))' output='${repoUrl}/features/${id}_${version}.jar'/>
  </mappings>
  <artifacts size='4'>
    <artifact classifier='org.eclipse.update.feature' id='org.eclipse.xtext.todo.feature' version='0.3.0.201312291322'>
      <properties size='6'>
        <property name='artifact.size' value='2186'/>
        <property name='download.size' value='2186'/>
        <property name='maven-groupId' value='org.eclipse.xtext.todo'/>
        <property name='maven-artifactId' value='org.eclipse.xtext.todo.feature'/>
        <property name='maven-version' value='0.3.0-SNAPSHOT'/>
        <property name='download.contentType' value='application/zip'/>
      </properties>
    </artifact>
    <artifact classifier='osgi.bundle' id='org.eclipse.xtext.todo.ui' version='0.1.1.201205121858'>
      <properties size='5'>
        <property name='artifact.size' value='44665'/>
        <property name='download.size' value='44665'/>
        <property name='maven-groupId' value='org.eclipse.xtext.todo'/>
        <property name='maven-artifactId' value='org.eclipse.xtext.todo.ui'/>
        <property name='maven-version' value='0.1.1-SNAPSHOT'/>
      </properties>
    </artifact>
    <artifact classifier='osgi.bundle' id='org.eclipse.xtext.todo.fragment' version='0.3.0.201312291311'>
      <properties size='5'>
        <property name='artifact.size' value='167343'/>
        <property name='download.size' value='167343'/>
        <property name='maven-groupId' value='org.eclipse.xtext.todo'/>
        <property name='maven-artifactId' value='org.eclipse.xtext.todo.fragment'/>
        <property name='maven-version' value='0.3.0-SNAPSHOT'/>
      </properties>
    </artifact>
    <artifact classifier='osgi.bundle' id='org.eclipse.xtext.todo' version='0.3.0.201312291311'>
      <properties size='5'>
        <property name='artifact.size' value='121144'/>
        <property name='download.size' value='121144'/>
        <property name='maven-groupId' value='org.eclipse.xtext.todo'/>
        <property name='maven-artifactId' value='org.eclipse.xtext.todo'/>
        <property name='maven-version' value='0.3.0-SNAPSHOT'/>
      </properties>
    </artifact>
  </artifacts>
</repository>
