<?xml version='1.0' encoding='UTF-8'?>
<?metadataRepository version='1.1.0'?>
<repository name='org.eclipse.xtext.todo.updatesite' type='org.eclipse.equinox.internal.p2.metadata.repository.LocalMetadataRepository' version='1'>
  <properties size='2'>
    <property name='p2.timestamp' value='1388323395704'/>
    <property name='p2.compressed' value='true'/>
  </properties>
  <units size='6'>
    <unit id='org.eclipse.xtext.todo.feature.feature.group' version='0.3.0.201312291322' singleton='false'>
      <update id='org.eclipse.xtext.todo.feature.feature.group' range='[0.0.0,0.3.0.201312291322)' severity='0'/>
      <properties size='8'>
        <property name='org.eclipse.equinox.p2.name' value='Xtext TODO Feature'/>
        <property name='org.eclipse.equinox.p2.description' value='[Enter Feature Description here.]'/>
        <property name='org.eclipse.equinox.p2.description.url' value='http://www.example.com/description'/>
        <property name='org.eclipse.equinox.p2.provider' value='Joerg Reichert'/>
        <property name='org.eclipse.equinox.p2.type.group' value='true'/>
        <property name='maven-groupId' value='org.eclipse.xtext.todo'/>
        <property name='maven-artifactId' value='org.eclipse.xtext.todo.feature'/>
        <property name='maven-version' value='0.3.0-SNAPSHOT'/>
      </properties>
      <provides size='1'>
        <provided namespace='org.eclipse.equinox.p2.iu' name='org.eclipse.xtext.todo.feature.feature.group' version='0.3.0.201312291322'/>
      </provides>
      <requires size='4'>
        <required namespace='org.eclipse.equinox.p2.iu' name='org.eclipse.xtext.todo' range='[0.3.0.201312291311,0.3.0.201312291311]'/>
        <required namespace='org.eclipse.equinox.p2.iu' name='org.eclipse.xtext.todo.ui' range='[0.1.1.201205121858,0.1.1.201205121858]'/>
        <required namespace='org.eclipse.equinox.p2.iu' name='org.eclipse.xtext.todo.fragment' range='[0.3.0.201312291311,0.3.0.201312291311]'/>
        <required namespace='org.eclipse.equinox.p2.iu' name='org.eclipse.xtext.todo.feature.feature.jar' range='[0.3.0.201312291322,0.3.0.201312291322]'>
          <filter>
            (org.eclipse.update.install.features=true)
          </filter>
        </required>
      </requires>
      <touchpoint id='null' version='0.0.0'/>
      <licenses size='1'>
        <license uri='http://www.example.com/license' url='http://www.example.com/license'>
          [Enter License Description here.]
        </license>
      </licenses>
      <copyright uri='http://www.example.com/copyright' url='http://www.example.com/copyright'>
        [Enter Copyright Description here.]
      </copyright>
    </unit>
    <unit id='201312291322.todo' version='1.0.0.05-cLWfc677359577K5977'>
      <properties size='3'>
        <property name='org.eclipse.equinox.p2.name' value='TODO Marker Generator Fragment'/>
        <property name='org.eclipse.equinox.p2.description' value='Generator fragment to enable support for TODO markers when generating DSL IDE infrastructure'/>
        <property name='org.eclipse.equinox.p2.type.category' value='true'/>
      </properties>
      <provides size='1'>
        <provided namespace='org.eclipse.equinox.p2.iu' name='201312291322.todo' version='1.0.0.05-cLWfc677359577K5977'/>
      </provides>
      <requires size='1'>
        <required namespace='org.eclipse.equinox.p2.iu' name='org.eclipse.xtext.todo.feature.feature.group' range='[0.3.0.201312291322,0.3.0.201312291322]'/>
      </requires>
      <touchpoint id='null' version='0.0.0'/>
    </unit>
    <unit id='org.eclipse.xtext.todo.feature.feature.jar' version='0.3.0.201312291322'>
      <properties size='7'>
        <property name='org.eclipse.equinox.p2.name' value='Xtext TODO Feature'/>
        <property name='org.eclipse.equinox.p2.description' value='[Enter Feature Description here.]'/>
        <property name='org.eclipse.equinox.p2.description.url' value='http://www.example.com/description'/>
        <property name='org.eclipse.equinox.p2.provider' value='Joerg Reichert'/>
        <property name='maven-groupId' value='org.eclipse.xtext.todo'/>
        <property name='maven-artifactId' value='org.eclipse.xtext.todo.feature'/>
        <property name='maven-version' value='0.3.0-SNAPSHOT'/>
      </properties>
      <provides size='3'>
        <provided namespace='org.eclipse.equinox.p2.iu' name='org.eclipse.xtext.todo.feature.feature.jar' version='0.3.0.201312291322'/>
        <provided namespace='org.eclipse.equinox.p2.eclipse.type' name='feature' version='1.0.0'/>
        <provided namespace='org.eclipse.update.feature' name='org.eclipse.xtext.todo.feature' version='0.3.0.201312291322'/>
      </provides>
      <filter>
        (org.eclipse.update.install.features=true)
      </filter>
      <artifacts size='1'>
        <artifact classifier='org.eclipse.update.feature' id='org.eclipse.xtext.todo.feature' version='0.3.0.201312291322'/>
      </artifacts>
      <touchpoint id='org.eclipse.equinox.p2.osgi' version='1.0.0'/>
      <touchpointData size='1'>
        <instructions size='1'>
          <instruction key='zipped'>
            true
          </instruction>
        </instructions>
      </touchpointData>
      <licenses size='1'>
        <license uri='http://www.example.com/license' url='http://www.example.com/license'>
          [Enter License Description here.]
        </license>
      </licenses>
      <copyright uri='http://www.example.com/copyright' url='http://www.example.com/copyright'>
        [Enter Copyright Description here.]
      </copyright>
    </unit>
    <unit id='org.eclipse.xtext.todo' version='0.3.0.201312291311'>
      <update id='org.eclipse.xtext.todo' range='[0.0.0,0.3.0.201312291311)' severity='0'/>
      <properties size='5'>
        <property name='org.eclipse.equinox.p2.name' value='org.eclipse.xtext.todo'/>
        <property name='org.eclipse.equinox.p2.provider' value='Joerg Reichert'/>
        <property name='maven-groupId' value='org.eclipse.xtext.todo'/>
        <property name='maven-artifactId' value='org.eclipse.xtext.todo'/>
        <property name='maven-version' value='0.3.0-SNAPSHOT'/>
      </properties>
      <provides size='17'>
        <provided namespace='org.eclipse.equinox.p2.iu' name='org.eclipse.xtext.todo' version='0.3.0.201312291311'/>
        <provided namespace='osgi.bundle' name='org.eclipse.xtext.todo' version='0.3.0.201312291311'/>
        <provided namespace='java.package' name='org.xtext.example.mydsl' version='0.0.0'/>
        <provided namespace='java.package' name='org.xtext.example.mydsl.encoding' version='0.0.0'/>
        <provided namespace='java.package' name='org.xtext.example.mydsl.formatting' version='0.0.0'/>
        <provided namespace='java.package' name='org.xtext.example.mydsl.generator' version='0.0.0'/>
        <provided namespace='java.package' name='org.xtext.example.mydsl.myDsl' version='0.0.0'/>
        <provided namespace='java.package' name='org.xtext.example.mydsl.myDsl.impl' version='0.0.0'/>
        <provided namespace='java.package' name='org.xtext.example.mydsl.myDsl.util' version='0.0.0'/>
        <provided namespace='java.package' name='org.xtext.example.mydsl.parser.antlr' version='0.0.0'/>
        <provided namespace='java.package' name='org.xtext.example.mydsl.parser.antlr.internal' version='0.0.0'/>
        <provided namespace='java.package' name='org.xtext.example.mydsl.resources' version='0.0.0'/>
        <provided namespace='java.package' name='org.xtext.example.mydsl.scoping' version='0.0.0'/>
        <provided namespace='java.package' name='org.xtext.example.mydsl.serializer' version='0.0.0'/>
        <provided namespace='java.package' name='org.xtext.example.mydsl.services' version='0.0.0'/>
        <provided namespace='java.package' name='org.xtext.example.mydsl.validation' version='0.0.0'/>
        <provided namespace='org.eclipse.equinox.p2.eclipse.type' name='bundle' version='1.0.0'/>
      </provides>
      <requires size='20'>
        <required namespace='osgi.bundle' name='org.eclipse.xtext' range='2.4.3'/>
        <required namespace='osgi.bundle' name='org.eclipse.xtext.xbase' range='2.4.3' optional='true' greedy='false'/>
        <required namespace='osgi.bundle' name='org.apache.log4j' range='1.2.15'/>
        <required namespace='osgi.bundle' name='org.apache.commons.logging' range='1.0.4' optional='true' greedy='false'/>
        <required namespace='osgi.bundle' name='org.eclipse.xtext.generator' range='0.0.0' optional='true' greedy='false'/>
        <required namespace='osgi.bundle' name='org.eclipse.emf.codegen.ecore' range='0.0.0' optional='true' greedy='false'/>
        <required namespace='osgi.bundle' name='org.eclipse.emf.mwe.utils' range='0.0.0' optional='true' greedy='false'/>
        <required namespace='osgi.bundle' name='org.eclipse.emf.mwe2.launch' range='0.0.0' optional='true' greedy='false'/>
        <required namespace='osgi.bundle' name='org.eclipse.xtext.util' range='0.0.0'/>
        <required namespace='osgi.bundle' name='org.eclipse.emf.ecore' range='0.0.0'/>
        <required namespace='osgi.bundle' name='org.eclipse.emf.common' range='0.0.0'/>
        <required namespace='osgi.bundle' name='org.antlr.runtime' range='0.0.0'/>
        <required namespace='osgi.bundle' name='org.eclipse.xtext.common.types' range='0.0.0'/>
        <required namespace='osgi.bundle' name='org.eclipse.jdt.core' range='0.0.0'/>
        <required namespace='osgi.bundle' name='org.eclipse.core.resources' range='0.0.0'/>
        <required namespace='osgi.bundle' name='org.eclipse.core.runtime' range='0.0.0'/>
        <required namespace='osgi.bundle' name='org.eclipse.xtext.todo.fragment' range='0.0.0'/>
        <required namespace='java.package' name='org.apache.commons.logging' range='0.0.0'/>
        <required namespace='java.package' name='org.apache.log4j' range='0.0.0'/>
        <required namespace='java.package' name='org.eclipse.xtext.xbase.lib' range='0.0.0'/>
      </requires>
      <artifacts size='1'>
        <artifact classifier='osgi.bundle' id='org.eclipse.xtext.todo' version='0.3.0.201312291311'/>
      </artifacts>
      <touchpoint id='org.eclipse.equinox.p2.osgi' version='1.0.0'/>
      <touchpointData size='1'>
        <instructions size='1'>
          <instruction key='manifest'>
            Bundle-SymbolicName: org.eclipse.xtext.todo; singleton:=true&#xA;Bundle-Version: 0.3.0.201312291311
          </instruction>
        </instructions>
      </touchpointData>
    </unit>
    <unit id='org.eclipse.xtext.todo.fragment' version='0.3.0.201312291311'>
      <update id='org.eclipse.xtext.todo.fragment' range='[0.0.0,0.3.0.201312291311)' severity='0'/>
      <properties size='4'>
        <property name='org.eclipse.equinox.p2.name' value='TODO Generator Fragment'/>
        <property name='maven-groupId' value='org.eclipse.xtext.todo'/>
        <property name='maven-artifactId' value='org.eclipse.xtext.todo.fragment'/>
        <property name='maven-version' value='0.3.0-SNAPSHOT'/>
      </properties>
      <provides size='5'>
        <provided namespace='org.eclipse.equinox.p2.iu' name='org.eclipse.xtext.todo.fragment' version='0.3.0.201312291311'/>
        <provided namespace='osgi.bundle' name='org.eclipse.xtext.todo.fragment' version='0.3.0.201312291311'/>
        <provided namespace='java.package' name='org.eclipse.xtext.todo' version='0.0.0'/>
        <provided namespace='java.package' name='org.eclipse.xtext.todo.ui' version='0.0.0'/>
        <provided namespace='org.eclipse.equinox.p2.eclipse.type' name='bundle' version='1.0.0'/>
      </provides>
      <requires size='10'>
        <required namespace='osgi.bundle' name='org.eclipse.ui' range='0.0.0'/>
        <required namespace='osgi.bundle' name='org.eclipse.core.runtime' range='0.0.0'/>
        <required namespace='osgi.bundle' name='org.eclipse.xtext.generator' range='0.0.0'/>
        <required namespace='osgi.bundle' name='org.eclipse.xtext' range='0.0.0'/>
        <required namespace='osgi.bundle' name='org.eclipse.core.resources' range='0.0.0'/>
        <required namespace='osgi.bundle' name='org.apache.commons.lang' range='0.0.0'/>
        <required namespace='osgi.bundle' name='org.eclipse.xtext.ui' range='0.0.0'/>
        <required namespace='osgi.bundle' name='org.eclipse.ui.ide' range='0.0.0'/>
        <required namespace='osgi.bundle' name='org.eclipse.ui.forms' range='0.0.0'/>
        <required namespace='osgi.bundle' name='org.eclipse.xtext.builder' range='0.0.0'/>
      </requires>
      <artifacts size='1'>
        <artifact classifier='osgi.bundle' id='org.eclipse.xtext.todo.fragment' version='0.3.0.201312291311'/>
      </artifacts>
      <touchpoint id='org.eclipse.equinox.p2.osgi' version='1.0.0'/>
      <touchpointData size='1'>
        <instructions size='1'>
          <instruction key='manifest'>
            Bundle-SymbolicName: org.eclipse.xtext.todo.fragment;singleton:=true&#xA;Bundle-Version: 0.3.0.201312291311
          </instruction>
        </instructions>
      </touchpointData>
    </unit>
    <unit id='org.eclipse.xtext.todo.ui' version='0.1.1.201205121858'>
      <update id='org.eclipse.xtext.todo.ui' range='[0.0.0,0.1.1.201205121858)' severity='0'/>
      <properties size='5'>
        <property name='org.eclipse.equinox.p2.name' value='org.eclipse.xtext.todo.ui'/>
        <property name='org.eclipse.equinox.p2.provider' value='Joerg Reichert'/>
        <property name='maven-groupId' value='org.eclipse.xtext.todo'/>
        <property name='maven-artifactId' value='org.eclipse.xtext.todo.ui'/>
        <property name='maven-version' value='0.1.1-SNAPSHOT'/>
      </properties>
      <provides size='6'>
        <provided namespace='org.eclipse.equinox.p2.iu' name='org.eclipse.xtext.todo.ui' version='0.1.1.201205121858'/>
        <provided namespace='osgi.bundle' name='org.eclipse.xtext.todo.ui' version='0.1.1.201205121858'/>
        <provided namespace='java.package' name='org.xtext.example.mydsl.ui.contentassist.antlr' version='0.0.0'/>
        <provided namespace='java.package' name='org.xtext.example.mydsl.ui.internal' version='0.0.0'/>
        <provided namespace='java.package' name='org.xtext.example.mydsl.ui.contentassist' version='0.0.0'/>
        <provided namespace='org.eclipse.equinox.p2.eclipse.type' name='bundle' version='1.0.0'/>
      </provides>
      <requires size='14'>
        <required namespace='osgi.bundle' name='org.eclipse.xtext.todo' range='0.1.1'/>
        <required namespace='osgi.bundle' name='org.eclipse.xtext.ui' range='0.0.0'/>
        <required namespace='osgi.bundle' name='org.eclipse.ui.editors' range='3.5.0'/>
        <required namespace='osgi.bundle' name='org.eclipse.ui.ide' range='3.5.0'/>
        <required namespace='osgi.bundle' name='org.eclipse.xtext.ui.shared' range='0.0.0'/>
        <required namespace='osgi.bundle' name='org.eclipse.ui' range='0.0.0'/>
        <required namespace='osgi.bundle' name='org.eclipse.xtext.builder' range='0.0.0'/>
        <required namespace='osgi.bundle' name='org.antlr.runtime' range='0.0.0'/>
        <required namespace='osgi.bundle' name='org.eclipse.xtext.common.types.ui' range='0.0.0'/>
        <required namespace='osgi.bundle' name='org.eclipse.xtext.ui.codetemplates.ui' range='0.0.0'/>
        <required namespace='osgi.bundle' name='org.eclipse.compare' range='0.0.0'/>
        <required namespace='osgi.bundle' name='org.apache.commons.lang' range='2.4.0'/>
        <required namespace='java.package' name='org.apache.log4j' range='0.0.0'/>
        <required namespace='java.package' name='org.apache.commons.logging' range='0.0.0'/>
      </requires>
      <artifacts size='1'>
        <artifact classifier='osgi.bundle' id='org.eclipse.xtext.todo.ui' version='0.1.1.201205121858'/>
      </artifacts>
      <touchpoint id='org.eclipse.equinox.p2.osgi' version='1.0.0'/>
      <touchpointData size='1'>
        <instructions size='1'>
          <instruction key='manifest'>
            Bundle-SymbolicName: org.eclipse.xtext.todo.ui; singleton:=true&#xA;Bundle-Version: 0.1.1.201205121858
          </instruction>
        </instructions>
      </touchpointData>
    </unit>
  </units>
</repository>
